[

    {
            "id": 1,
             "name": "BORDE BALLENA 40x40",
             "precio": 1350,
             "categoria":{
                "nombre": "Placas",
                "id":"placas"
             },
             "img":"./img/placas/bordeballena40x40.png"
             
   },
   {
              "id": 2,
             "name": "BORDE L",
             "precio": 1400,
             "categoria":{
                "nombre": "Placas",
                "id":"placas"
             },
             "img":"./img/placas/bordeL.png"
   },
   {
       "id": 3,
       "name": "ESQUINERO BORDE L",
       "precio": 1550,
       "categoria":{
        "nombre": "Placas",
        "id":"placas"
     },
       "img":"./img/placas/esquinerobordeL.png"
     },
     {
       "id": 4,
       "name": "CONTRACURVA",
       "precio": 1350,
       "categoria":{
        "nombre": "Placas",
        "id":"placas"
     },
       "img": "./img/placas/contacurvo.png"
     },
     {
       "id": 5,
       "name": "BORDE BALLENA 40x60",
       "precio": 1350,
       "categoria":{
        "nombre": "Placas",
        "id":"placas"
     },
       "img": "./img/placas/bordeballena40x60.png"
     },
     {
       "id": 6,
       "name": "SOLARIUM",
       "precio": 1220,
       "categoria":{
        "nombre": "Placas",
        "id":"placas"
     },
       "img": "./img/placas/solarium40x40.png"
     },
     {
       "id": 7,
       "name": "BORDE BALLENA 40X20",
       "precio": 1020,
       "categoria":{
        "nombre": "Placas",
        "id":"placas"
     },
       "img": "./img/placas/bordeballena40x20.png"
     },
     {
        "id": 8,
        "name": "REjILLA",
        "precio": 1020,
        "categoria":{
         "nombre": "Placas",
         "id":"placas"
      },
        "img": "./img/placas/rejillaGrande.png"
      },

     {
       "id": 9,
       "name": "Cabina",
       "img": "./img/piletas/cabina_1.jpeg",
       "categoria":{
        "nombre": "Piletas",
        "id":"piletas"
     },
       "precio": 2000
     },

     {
        "id": 10,
        "name": "Cabina",
        "img": "./img/piletas/cabina_2.jpeg",
        "categoria":{
         "nombre": "Piletas",
         "id":"piletas"
      },
        "precio": 2000
      },

      {
        "id": 11,
        "name": "Pileta-03",
        "img": "./img/piletas/cabina_3.jpeg",
        "categoria":{
         "nombre": "piletas",
         "id":"Piletas"
      },
        "precio": 2000
      },
      {
        "id":12,
        "name": "Cabina",
        "img": "./img/piletas/cabina_3.jpeg",
        "categoria":{
         "nombre": "Piletas",
         "id":"piletas"
      },
        "precio": 2000
      },
      {
        "id": 13,
        "name": "Ceramicas",
        "img": "./img/antihumedad/ceramica_1.jpeg",
        "categoria":{
         "nombre": "Antihumedad",
         "id":"antihumedad"
      },
        "precio": 2000
      },
      {
        "id": 14,
        "name": "Ceramicas",
        "img": "./img/antihumedad/ceramica_2.jpeg",
        "categoria":{
         "nombre": "Antihumedad",
         "id":"antihumedad"
      },
        "precio": 2000
      },
      {
        "id": 15,
        "name": "Ceramicas",
        "img": "./img/antihumedad/ceramica_3.jpeg",
        "categoria":{
         "nombre": "Antihumedad",
         "id":"antihumedad"
      },
        "precio": 2000
      },
      {
        "id": 16,
        "name": "Ceramicas",
        "img": "./img/antihumedad/ceramica_4.jpeg",
        "categoria":{
         "nombre": "Antihumedad",
         "id":"antihumedad"
      },
        "precio": 2000
      },
      {
        "id":17,
        "name": "Motores",
        "img": "./img/piletas/motores_1.jpeg",
        "categoria":{
         "nombre": "Piletas",
         "id":"piletas"
      },
        "precio": 2000
      },
      {
        "id":18,
        "name": "Motores",
        "img": "./img/piletas/motores_2.jpeg",
        "categoria":{
         "nombre": "Piletas",
         "id":"piletas"
      },
        "precio": 2000
      },
      {
        "id":19,
        "name": "Motores",
        "img": "./img/piletas/motores_3.jpeg",
        "categoria":{
         "nombre": "Piletas",
         "id":"piletas"
      },
        "precio": 2000
      },
      {
        "id":20,
        "name": "Motores",
        "img": "./img/piletas/motores_4.jpeg",
        "categoria":{
         "nombre": "Piletas",
         "id":"piletas"
      },
        "precio": 2000
      }
   ]